{
  "sensorData": {
    "current": {
      "-O72ZWrCnq630QKqDGgm": 0.96591,
      "-O72Zk7WQPhTvmr4re6J": 0.98831,
      "-O72ZtcoTQa9RbCL0Jrb": 1.01068,
      "-O72_2DT_obSeUuhCsrQ": 0.98831,
      "-O72_7ZLP_VAr4oa_L_V": 1.01068,
      "-O72_cunQqS6k4W1nDqY": 0.96591,
      "-O72_l8j7KCJzKRFZSCO": 0.96591,
      "-O72_udgYl67hQFLeyH6": 0.9435,
      "-O72a1F7cBm4kzn5pitn": 0.98831,
      "-O72a8qlulxoTy-mKWzx": 0.96591,
      "-O72aKyczkdwyZCGAixT": 0.98831,
      "-O72aQgck7gQcScYzrsK": 1.01068,
      "-O72aWMYGJcPeikuw23t": 0.96591,
      "-O72aaypWKacyWyTMoeA": 0.98831,
      "-O72aiTdyTCL-CA6eu9h": 0.96591,
      "-O72as2Ud_wS6Bw1E4t_": 0.98831,
      "-O72b5uBKwEqrf4unt7l": 1.01068,
      "-O72bFQDkR8FSTITPWZs": 1.01068,
      "-O72bOt_HCy1J0kCd-zv": 0.9435,
      "-O72b_lUL7pt-UcocvAw": 0.96591,
      "-O72bnvf78RQoouF54zJ": 0.9435,
      "-O72bxSbQE21FMiyxLBI": 0.96591,
      "-O72c4AS29u6orA-OY8q": 0.98831,
      "-O72cDgryHjQnV4LnjWb": 0.96591,
      "-O72cSVN5weWIJuuodOi": 0.96591,
      "-O72cb2cGjj62VA5NwQ4": 0.96591,
      "-O72ckaYX4epJeznEIys": 1.01068,
      "-O72cuBKNBgsziFemJsr": 0.9435,
      "-O72d2hN2QfwE-_61b27": 0.96591,
      "-O72dMJfrzFfwWgPpEh1": 1.01068,
      "-O72dVqY-eBkkrsZ0okR": 0.98831,
      "-O72dcANSbQ7eYNJH6IV": 0.96591,
      "-O72dkRuRLrkNSL_JOdX": 0.98831,
      "-O72dyl2mwSfJm8zkh3Z": 0.96591,
      "-O72e7JqK9om1zID9hEj": 0.96591,
      "-O72eGuqV-Yz4U__dZdw": 0.98831,
      "-O72eQTKIESENfZzw7ov": 0.9435,
      "-O72ebI6xe2qk8dlIwrN": 0.96591,
      "-O72ejj73N6xw_p87XeJ": 0.9435,
      "-O72evLbriDo2vAJ0UrT": 1.01068,
      "-O72f8_funzOytP03wgQ": 0.92106,
      "-O72fMqx0HRDlKMuRsUm": 0.9435,
      "-O72fWOBadjC3SZpmjX_": 1.01068,
      "-O72fexAS6TrqdPt0aPN": 0.98831,
      "-O72fonHlY3ex0b_pGyy": 0.98831,
      "-O72g1tqGJxa5-AF_Dav": 0.98831,
      "-O72gBRji4QqA3kgeNFL": 0.98831,
      "-O72gKwfNYcybnvAO-_L": 0.98831,
      "-O72gUTMrPn_rk0gI1gJ": 0.98831,
      "-O72gcwnsXTpJfEYY4se": 0.96591,
      "-O72gr8cOrRjF6beVPt0": 0.92106,
      "-O72h-c-Gf_9TcGa4CG3": 1.01068,
      "-O72h97IzgxWuMRe-Hmv": 0.98831,
      "-O72hNJz0RMXr2Y1oXTd": 1.01068,
      "-O72haYAIYY6hpiaLBU0": 0.9435,
      "-O72hk0fsg64xk76elkj": 1.01068,
      "-O72htZrergHvgLCwpYd": 0.9435,
      "-O72i0DE95ujX7cNhn3g": 0.98831,
      "-O72iCFvovKdCRocPYLI": 1.01068,
      "-O72iLnBdEdndeEsPPc2": 0.98831,
      "-O72iVJx7QtQafBnwOG4": 0.9435,
      "-O72ids2kw1XvPAXJPCf": 1.01068,
      "-O72inQ_WZK4N9LcaZvr": 0.98831,
      "-O72j-oO9tKwT5LURspr": 0.98831,
      "-O72j7VoNrQDI2WlRV3T": 0.98831,
      "-O72jH2R_w0XMVchphbg": 0.98831,
      "-O72jQaWqTX6_zZDAAb0": 0.92106,
      "-O72jY6KPnZ5Ii6jtgHz": 0.92106,
      "-O72jqCHFjpLmnXoSnO6": 0.98831,
      "-O72jxrWSR77Betv3edu": 0.92106
    },
    "rpm": {
      "-O72ZS4H3lcl55PgDfBF": 450,
      "-O72ZfZLykyaq18TZ9O0": 573,
      "-O72Zp5ilQGZQu09q0Kx": 853,
      "-O72ZybO6ILpH3WnSnA2": 564,
      "-O72_7EeP3OimLyv4KU9": 566,
      "-O72_ANel4xy2Ef3EhXh": 186,
      "-O72_ZNAz_Q5XQJEg13U": 1194,
      "-O72_i-2N_1Q_0BjiRhU": 850,
      "-O72_q7-l19LEVZsvA02": 477,
      "-O72_ziEyYZ-yHpu7-tO": 568,
      "-O72a6CcuZ8eFYzF_YAz": 446,
      "-O72aGN5cgebwOV2uIN5": 450,
      "-O72aQ-YotLP99DGSOF5": 694,
      "-O72aTlaG91rwU0r8820": 225,
      "-O72aZTp4lKRxoCafx7x": 336,
      "-O72afzlGKeIsyk-gU7E": 456,
      "-O72anVgRtiTPQo7UVJz": 448,
      "-O72b1N0pQU1Mq9E42W1": 560,
      "-O72bAsRxJL6dLBkXJ3m": 873,
      "-O72bKNZgxTSOtXi_2fC": 566,
      "-O72bTsU5GbO7lRN3iSp": 1481,
      "-O72bjOpXgupZoHiIT83": 670,
      "-O72bsu7LCbuWrpI4adL": 874,
      "-O72c1Y7RL3VeGDYusdB": 554,
      "-O72c99FVuBYIqUcFqNC": 449,
      "-O72cIe4jzUX8lM0D0d7": 552,
      "-O72cXXZRKRCqokhdN5g": 888,
      "-O72cg11OIgIOxWYbpf3": 572,
      "-O72cpbOM55tL6bUz6Qs": 577,
      "-O72czAzhGiL-5vb5Xli": 562,
      "-O72dCs9oGfFS_34BvBu": 565,
      "-O72dRIXqZVde_lcZjQW": 1173,
      "-O72d_nicDWqZbjK41MO": 569,
      "-O72dgcRmiLqPkZY6Vtp": 410,
      "-O72duBhQ96sD9j4nzPt": 521,
      "-O72e2jdtg4AQtlA3t2U": 848,
      "-O72eCIkOTwBHLTXcXRb": 561,
      "-O72eLtp10NGbojd8zT1": 568,
      "-O72eVRRQs50ignbWrsV": 558,
      "-O72egHADOPK-_mtk1AQ": 684,
      "-O72eseNohh2lmepRc97": 478,
      "-O72f-IRqIv1JX3G2sJn": 680,
      "-O72fDZPxhuoUgw1BeU-": 834,
      "-O72fRqll_-oiEVTYAfT": 852,
      "-O72faO5owrF7I7ilFin": 566,
      "-O72fjuJBFaAXBeqL0HZ": 558,
      "-O72fyIbfa1TZ8_5NxiR": 564,
      "-O72g6thM1DKxJW1RqZ1": 836,
      "-O72gGP8Si9HPj-9Me4V": 550,
      "-O72gPuQl9SBHsr9dyVl": 552,
      "-O72gZQe83kK8882mpv-": 548,
      "-O72gmaD-g8pNsLso_YQ": 553,
      "-O72gw4RWpmd4OPDs4a2": 820,
      "-O72h4b1NWxBxu2Ldp_p": 548,
      "-O72hEP1ULv-72LXorGz": 546,
      "-O72hX-1ZHnQKw7a0f9e": 822,
      "-O72hfVOF-R6yDikenWW": 826,
      "-O72hp0SDhnqLvttHR7-": 549,
      "-O72hyaJ7So02wwW-2FZ": 562,
      "-O72i4pJQr6HMgCzmWj5": 434,
      "-O72iHFnRBuY2E3k8p_b": 740,
      "-O72iQmB9VfloALHkXOH": 562,
      "-O72i_LHTz0JVYg5qG5N": 569,
      "-O72iiqyumWwJIdqm32Z": 561,
      "-O72ix8nzxFptaYSvau6": 561,
      "-O72j4mCmHx99P5Nb8RC": 789,
      "-O72jCU3f_O4KYOg3MhB": 450,
      "-O72jM2fi0e6CW4ATgAj": 568,
      "-O72jVaSVTAuD1ftAbYZ": 565,
      "-O72jldiNopSO8LmvSX3": 329,
      "-O72jvEEucxpIryqe14D": 1260,
      "-O72k1vBHk6jcPa-lrO1": 453
    },
    "vibration": {
      "-O72ZULFAgopudpStNIe": 1.03014,
      "-O72Zhp_FKUCLo3RLnDB": 1.01202,
      "-O72ZrMwNfgEGRe6K-xJ": 1.03486,
      "-O72_-vgXkfVplCxsZXJ": 1.01725,
      "-O72_7URme8AxX-M9aZn": 1.01859,
      "-O72_B5QZWFiJNxuFB_f": 1.03475,
      "-O72_acDXMZ7lvdv2o2P": 1.02924,
      "-O72_iMRWRSQFi4lPHkr": 1.00013,
      "-O72_sNDqFajNVPIsGai": 1.02102,
      "-O72_zx4Znbfy5dTgKti": 1.01987,
      "-O72a6_M0ckjPvFBLRkr": 0.99413,
      "-O72aIdsybQkWFW2wYmF": 1.0461,
      "-O72aQKMT1g1iTVYeQsR": 1.03687,
      "-O72aU0qEKBmUOH4M_I-": 1.05711,
      "-O72aZgV2GJtDAAaB1Q1": 1.0476,
      "-O72agDbS-hc2Vh8OE2i": 1.03093,
      "-O72aplqyFipMmHwnFrS": 1.03515,
      "-O72b3dEiNDGp1mfxZrc": 1.04476,
      "-O72bD8SUgI61lavCn83": 1.02294,
      "-O72bMdWRpKCpSivpTUW": 1.01567,
      "-O72bWAu6aaYG9vIWUrk": 1.00075,
      "-O72ble3OxmLhQyZbxhm": 0.98815,
      "-O72bvAkiE3uqWY0GL-r": 1.01704,
      "-O72c1vDAFAwl5DuxiDq": 1.01532,
      "-O72cBQZ2EfN8ma-55uf": 0.99405,
      "-O72cKvr6NHi_vHvnQNB": 1.02727,
      "-O72cZnsOIgHpT_j3wyt": 0.99574,
      "-O72ciIOdmdmnrSJ_KsB": 1.04163,
      "-O72crtz47xSskfYoaSq": 0.98089,
      "-O72d0Rl56xczliMBhFp": 0.98726,
      "-O72dK29839ptD1ULYib": 0.97774,
      "-O72dTZjlqHmaNMnUKQ_": 0.99732,
      "-O72dc3jAraNnTHkKkSc": 1.07744,
      "-O72di9s2nmOUURuAvfz": 1.01575,
      "-O72dwUOOY-ZTGM67jSe": 1.02156,
      "-O72e51H_DbXbuMNYw9Z": 1.00665,
      "-O72eEbNSsFQVlE_g6wI": 1.01254,
      "-O72eOARxFSamG-YX2wO": 1.00053,
      "-O72e_0SUbolBODTqu8u": 1.03953,
      "-O72eh6bUD2hcffDkRL_": 1.06902,
      "-O72et2H57GG54rz20Rt": 0.96524,
      "-O72f1tyIZ3OjBm_a66a": 1.01526,
      "-O72fKZDjCPEEFXibCSq": 1.02009,
      "-O72fU5JQ9OCDd9enbE9": 1.0057,
      "-O72fcfyWXP5kkgndxON": 1.00895,
      "-O72fmAA-0iTm8EyCtk-": 1.01854,
      "-O72g0JrnL6spm2tTp9K": 1.02042,
      "-O72g9A5ejs5_PAFu-Vq": 1.02318,
      "-O72gIfDzCMGHfLuDQcN": 0.99175,
      "-O72gSBqzKU9EFrDMF6w": 1.00336,
      "-O72gagjt24Dna_K4bC3": 0.98469,
      "-O72gos8rfdlz97HjU8n": 1.01467,
      "-O72gyNCvLVzGDeDStuw": 1.03062,
      "-O72h6s9U00me1nA-nbm": 1.0092,
      "-O72hL2Cmh05C_tfYCtL": 1.02103,
      "-O72hZGhtNXWmJrp0JXp": 1.00727,
      "-O72hhlZuNoBWRoW1Pl-": 0.98631,
      "-O72hrIYAdI9ngydenbN": 1.03408,
      "-O72i-sH4IORiADz4WsM": 1.00264,
      "-O72i6MpyLwuRYnMzFZb": 1.03261,
      "-O72iJYGGbAMOC6GV4C7": 1.04149,
      "-O72iT2b1lC_UXIyYch1": 1.03401,
      "-O72ibc3Ea5_DvOcG8S4": 1.01159,
      "-O72il8e8zge-rMFvKPn": 1.02356,
      "-O72izGgs8gGpvLECree": 1.02117,
      "-O72j5EuWd_DU_ZMf1k-": 1.02897,
      "-O72jEleISCtrOyCNjAO": 1.02249,
      "-O72jOLKVrE28vzgdORV": 1.01265,